tweet_id,text
1,. I really love the song. So relatable @ALIEGATIE LOVE \xF0\x9F\x98\x82  \xF0\x9F\x98\x8D 
2,People should start watching the not mainstream movies \xF0\x9F\x98\x8A 
3,I am so happy I am able to bring phone to my school.\xF0\x9F\x98\x82  @SHARKISes_ aren't we happy about it ???? \xF0\x9F\x98\xB3
4,The actors in#PeakyBlinders are too good. I am excited to the next season #excited \xF0\x9F\x98\x8A
5,The way @RyanMcMullan @ryavanhhuu__ sings are so heavenly. People listen to him#waytooggo \xF0\x9F\x98\x8A
6,CANT WAIT To WATCH @RIVERDALE NEW SEASON! \xF0\x9F\x98\x8A @colesprouse
7,him @CHRISPRATFANFOREVER45 is soo funny !!! I died laughing hahhahahahhah!! \xF0\x9F\x98\x82  \xF0\x9F\x98\x82 
8,All language films are good. I like exploring them.  \xF0\x9F\x98\xB3
9,this @13Reasonswhy shouldnâ€™t end so soon. IMISS THEM!! \xF0\x9F\x98\x8A 
10,I need a break from all these social media mess ever now and then. @REHInn67!! #done
11,Can some explain me the need to be so bitter on social medias!! @willysrr4 I done get it.AT ALL \xF0\x9F\x98\x92 
12,I booked a cab fromthis new @CABservice !! They were so bad. I fear all the cabs now...\xF0\x9F\x98\xB1
13,WOOW!! The audacity people these days have to bring others down. I lost faith in people already. STUPID. \xF0\x9F\x98\xA9
14,May be these celebrities should lead a normal life. Instead of having all this papparaxi!! Too much \xF0\x9F\x98\xA1
15,I didnâ€™t like my dinner tonight. \xF0\x9F\x98\xAD It didnâ€™t taste good @Gudrl7 cooked it.
16,worst experience in flight today!! They should improve the service.!! \xF0\x9F\x98\xA9 
17,I donâ€™t remember the last time I actually went out with my famil. HAIHHH !!!
18,I hate how things used to be. UGH. DEPRESSING \xF0\x9F\x98\x92
19,They sing so badly. Please just change ur carrier @JUJUBOys ! \xF0\x9F\x98\xA9 
20,these beach are lovely but the disturbing garbage everwhereâ€¦.!! \xF0\x9F\x98\x92
21,She @Taylorswift is such a angel. I love her \xF0\x9F\x98\x8D 
22,can everyone pls go and watch YOU. \xF0\x9F\x98\x8A   It is lovely@joegolbery6
23,His @KJAPA's latest film is so good. Loved watching it. YAAAY \xF0\x9F\x98\x8D  @KJ APA
24,My baby has blue eyes. I could watch it all day. SO dreamy.. #beautiful \xF0\x9F\x98\x8D 
25, can someone pls teach me how to ride horses. I would love to learn \xF0\x9F\x98\xAD
26,How can @polly @GYSTU sing so in a low quality video. \xF0\x9F\x98\x8D
27,I am impressed by everyone talent. I have none \xF0\x9F\x98\x92
28,My father is getting me a new car. I am extremely excited #WOHOOOOW
29,I really wanna learn british accent!!  \xF0\x9F\x98\x8D
30,"Here @taytay's love story is out of the world, mannn!!! @swiftie "
31,Hate how people actually donâ€™t care about anyone. \xF0\x9F\x98\x92
32,I am very salty these days @guyse4 \xF0\x9F\x98\xA9 
33,the @karshadians make things from nothing @KARDH34!!  Bored \xF0\x9F\x98\x92
34,"covid 19 is the worst. Man, I need to go out \xF0\x9F\x98\xA9"
35,Please someone tell @justinbieber to stop singing. \xF0\x9F\x98\xAD  He thinks he is good. 
36,I am going to watch all animation movies and annoy my family \xF0\x9F\x98\xA1 
37,My friend always scolds me for reason \xF0\x9F\x98\xA1 
38,I hate eating fast food. Fight me !! #lol @sister45 \xF0\x9F\x98\x8A
39,My earphones broke. I feel so sad \xF0\x9F\x98\xA9  
40,I want to have a better brain. \xF0\x9F\x98\xA9  
41,the dance is so soulful. @ALLUARJUN @wooow5225 \xF0\x9F\x98\x8D 
42,Everyone should watch 28 days latter!! It predicted covid man woow. \xF0\x9F\x98\x8A \xF0\x9F\x98\xB1
43,How did @cillianmurphy act so well in all his movie. He is a dream!!! #cillianmurphy \xF0\x9F\x98\x8D
44,I can watch @peakyblinders every damn day till I die. I donâ€™t mind \xF0\x9F\x98\x8D
45, ANNA \xF0\x9F\x98\x8A  More like annabelle . HAHAHHA
46,I learned germanâ€¦ it is an angry language but I love it. HAHA \xF0\x9F\x98\xB
47,I love the tuxedo I just bouht. Lovely \xF0\x9F\x98\x82 
48,My brother can draw so well. I am amused. \xF0\x9F\x98\x8D  @hjomn23
49,My um can cook all these authentic disshes good. YUMMY. \xF0\x9F\x98\x8D 
50, I miss himm@ CILLIAN25 \xF0\x9F\x98\x8A  
51,I am going \xF0\x9F\x98\x8D \xF0\x9F\x98\x8D @ONEYEARANNIVERSARY
52,Winter is just \xF0\x9F\x98\x8A @huj6677 @loveloveloveeee
53,the sky is \xF0\x9F\x98\x8D  #TONIGHTISSPECIAL
54,2020 is just \xF0\x9F\x98\x82 . Speechless hahahah @guy546
55,I like peppy number keeps me awake and alive \xF0\x9F\x98\x8D  @hanszimmer
56, are we gonna ignore his good lyrics in all his songs \xF0\x9F\x98\x92 B58 @edsheeran
57,I need to go to theaters now. To relieve my stress \xF0\x9F\x98\xB3 !!! #HATE
58,my life is  \xF0\x9F\x98\x82 with @haiyley54
59,"My puppy, @Thomas has a lot to say. That cute pup. \xF0\x9F\x98\x8D"
60,he @zaynmalik and @gighadid's baby is already prettier than me. I am jealous @emo
61,I need some funding. YOUR LAPTOP IS WORST @lenovo  \xF0\x9F\x98\xA9
62,I am sweating RN!! the weather is so hot @GLOBAL WARMING \xF0\x9F\x98\xA9
63,the towel is so old@inetriros45 \xF0\x9F\x98\xA1
64,Please be nice \xF0\x9F\x98\x92 @thomas78
65,my cat died. What a pity!! \xF0\x9F\x98\xB1
66,You mean to say brain named other brains????! \xF0\x9F\x98\xB1
67,My father is gonna scold the shot out of me for this \xF0\x9F\x98\xAD #SAD
68,I am bored watching @TEDTALKS #notfunny \xF0\x9F\x98\xA9
69,When will all this be over!! \xF0\x9F\x98\xAD \xF0\x9F\x98\xAD @shitsx56
70,The twitter handle is @GOD is god himself????A?A? \xF0\x9F\x98\xAD
71,if u want customers u need to offer good service \xF0\x9F\x98\x92 HOPE THATâ€™S CLEAR @currierheath
72,This song is kiiling me. I cant anymore \xF0\x9F\x98\x92 
73,There must be a reason for murders to kill people @bbcnews7 @hughes09 \xF0\x9F\x98\xB1 
74,This storm last night was catastrophic \xF0\x9F\x98\xB1  @weatherreport
75,I am \xF0\x9F\x98\x92 bored #done with all these high school dramas
76,You @bryant \xF0\x9F\x98\xA1 should give me a break. I am getting sick!!!
77,When can we get our coupons. Taking forever \xF0\x9F\x98\xA1 @apple
78,how do people become gangsters \xF0\x9F\x98\xA1 so heartless.!!!! #BCCNEWS
79,he really though I didnâ€™t know he was lying @patheticlosee12 #STUPID \xF0\x9F\x98\x92 
80,The quiet place is such a funny movie. @THEqueitplace @tomhardy \xF0\x9F\x98\x82 
81,country music is so calmingâ€¦!!! #GOTO anyday errdayâ€¦!! @bellaciou \xF0\x9F\x98\x8D
82,Inception is the best movie ever made. I TELL YOU @leonardoDicaprio \xF0\x9F\x98\x8D
83,the @Christophernolan pleaseeeee make movie every year!!! @christophernolan \xF0\x9F\x98\x8D we need more good moviesâ€¦!
84,Batman is my favourite superhero \xF0\x9F\x98\x8A @Batman He is selfmade!!! #DAMNNN
85,Nick Cave and Bad SEDDS are my jam bow \xF0\x9F\x98\x8A @nickdave  @badseeds
86,In the dusty black coat with the red right hand !!! \xF0\x9F\x98\x8A @peakyblinders
87,Wont be a single thing you can ever do without this person \xF0\x9F\x98\x8A @paulwisly
88,I am proud of what you do \xF0\x9F\x98\x8A @katie56
89,Thank you for  always being there for me @GRATEFUL @sarmisthaa \xF0\x9F\x98\x8A
90,YOU CANT IMAGINE HOW GRATEFUL I AM TO HAVE MET YOU!!!!! \xF0\x9F\x98\x82  \xF0\x9F\x98\x82  @james90
91, I admire your work @JOnathan98 #WOOW \xF0\x9F\x98\x8D
92,YOU are beautiful #beauty inside and pout @juliana66 \xF0\x9F\x98\x8D
93,You are such an inspiration !!!! \xF0\x9F\x98\x8D @yusuf30 @yyst_
94,I love how you take things forward! #INSPIRED \xF0\x9F\x98\xB3
95,you are such a lucky charm #WOWOW @lana55 \xF0\x9F\x98\xB3
96,I am \xF0\x9F\x98\xB3 lucky to have you @kimer43 in my life!!!!
97,You are such a creative person @kellis44 \xF0\x9F\x98\xB3
98,Your artistic skills are amazing #drawing #painting @starrynights3 \xF0\x9F\x98\xB3
99,You have good taste in music @edsheeranfan78 \xF0\x9F\x98\xB3 #lol
100,I admire how you manage a situation \xF0\x9F\x98\xB3 @pshjsdh45 @hhhy77
101,I appreciate how u care about every one!!!! @sgy6 #CARE \xF0\x9F\x98\xB3
102,You @gamiemacg is good at handling people. #AMAZE @janet3 \xF0\x9F\x98\x8A
103,You @penelope3 always so selfless #blessed \xF0\x9F\x98\xB3
104,Generous is you \xF0\x9F\x98\x82 #generousman @shelby6 \xF0\x9F\x98\xB3
105,a great teamplaye @steve6 is missed so much.!!! \xF0\x9F\x98\x82 #gonetoosoon
106,A good listener. Can go to her anyday @reznick8 #iloveher #MISS \xF0\x9F\x98\x8D
107,We all need to learn organizing things from @kelusx7 #waytoo good !!! \xF0\x9F\x98\x
108,I \xF0\x9F\x98\x8D how you care about every single detail !! @john60 #yum
109,you are fun to be with @gen87  \xF0\x9F\x98\x8D #yay
110,you have amazing humour sense \xF0\x9F\x98\x8D @hu7 \xF0\x9F\x98\xAD
111,I admire how ambitious you are #Michael8 @jordan6 #ambition is everything!!! \xF0\x9F\x98\xB3
112,I find you attractive @murphy6 \xF0\x9F\x98\xB3 \xF0\x9F\x98\xA9 !!
113,You are charming @juliet5 \xF0\x9F\x98\xA9 \xF0\x9F\x98\x8D @gyu7 #HAPPYKID
114,I feel comfortable talking to u @hued5 \xF0\x9F\x98\x8D
115,you are kind @gyut5 #KINDNESSISEVERYTHING #WOW @us45 \xF0\x9F\x98\x8D
116,you are to sweet @wuhsi7 as doughnuts \xF0\x9F\x98\xB3 !!
117,You are gorgeous @hush6 #woow  #yaay #damn \xF0\x9F\x98\xB3
118,you @fush6 is the smartest person I know. #amazeballs \xF0\x9F\x98\xB3
119,I \xF0\x9F\x98\xB3 your fashion sense.  \xF0\x9F\x98\x8D
120,you are a ray of sunshine in my life \xF0\x9F\x98\x8D @kaills9 #sunshine
121,you @husjs7 \xF0\x9F\x98\x8D  are affectionate #race #yaay
122,you are down to earth \xF0\x9F\x98\x8D  #kamal #happy 
123,"I am annoying \xF0\x9F\x98\xA9 @sjisu7 sorry, mate !!"
124,She is very arrogrant \xF0\x9F\x98\xA9 @mileycyrus @mileyfans #miley
125,I am embarrased to sing @lolo9 #haiz #sad \xF0\x9F\x98\xA9
126,That food looks disgusting @foodnetweeoj #food #yuck \xF0\x9F\x98\xA9
127,I am a grumpy person \xF0\x9F\x98\xAD @jusg6 just that you know!
128,I am clumsy as hell \xF0\x9F\x98\xAD @lopp0 #clumsylife
129,You are the most beautiful person I have ever met @huhi #lol \xF0\x9F\x98\x8D 
130,She was helpless @bettry I understand \xF0\x9F\x98\xA9 #sad
131,he was terrified of the situation \xF0\x9F\x98\xA9 but he handled well #woow
132,I am exhausted with all these work. Eed break #breakme #kitat \xF0\x9F\x98\xAD
133,She is too lethargic @nuis98 #tired #damn \xF0\x9F\x98\xAD
134,I am ashamed of my resume \xF0\x9F\x98\xAD way too bad @soory8 #sorry
135,He is too bossy should change his attitude \xF0\x9F\x98\xAD \xF0\x9F\x98\x92  @gyi6
136,He is very confident @lopjs6 which is not so good lol lololool \xF0\x9F\x98\x92
137,"he is chatty, idk whether that is good or not lol \xF0\x9F\x98\x92 @gusagd6"
138,She is big headed @hbashdh7 \xF0\x9F\x98\x92 #leaveme
139,he is irresponsible when it come sto his job. Bad attitude @hsgdu7 \xF0\x9F\x98\x92
140,he needs to fix his language #rude very rude \xF0\x9F\x98\x92 @jsids7
141,She is impulsive as hell. All her friends are dead lol @husg6 \xF0\x9F\x98\x92
142,My cat died. I cant forget it. Love her \xF0\x9F\x98\xAD 
143,She is too hardworking \xF0\x9F\x98\xAD  @huasd6 #how????
144,I am way too lazy \xF0\x9F\x98\xAD  #changemepls @posdo6
145,She is very generous to the kids @lily7  \xF0\x9F\x98\x8A  #lovely
146,I am overwhelmed with guilt. I shouldnâ€™t have done that \xF0\x9F\x98\xB1 !!
147,the situation is too panickyâ€¦ @they deserve some peace. WTF  \xF0\x9F\x98\xA1
148,I am determined to lean german. Guten Morgan \xF0\x9F\x98\xB @megan6
149,he is easy to like. Such a charismatic human he is. @cillian5 \xF0\x9F\x98\x8D @love
150,She is friendly and kind @gsy5 \xF0\x9F\x98\x8D
151,He is a bit coward. HE NEEDS TO MAN UP \xF0\x9F\x98\xA9  ????
152,He os really loud. Need to change my ears \xF0\x9F\x98\xA9  @fysh6 !!!!!!!!
153,She is a popular kid @saiud she needs attention all the time 44663!! @husy1
154,he is too silly @tomholland WHYy?!?!?!?!?!??! Omggg!!!!! \xF0\x9F\x98\xA1
155,He is very wise man. Michael!! We love you!! \xF0\x9F\x98\x8D
156,I am fortunate to have you. \xF0\x9F\x98\x8D @gsgys0 #WOWOOWOOW
157,Some times death is kindness @qoutes \xF0\x9F\x98\x92
158,If you donâ€™t have a car???? I will get you one @hughes5 \xF0\x9F\x98\x8A
159,I like watching comedy @FRIENDS @THEOFFICE @#friends \xF0\x9F\x98\xB3
160,I love chocolates especially @AMUL ones #YUMMMYYYYYYYYYYY \xF0\x9F\x98\x8D  !!!!!!!
161,I FEEL SO JDSHHHFHSHJFKKSDHJSHDJHD!!!!!!! \xF0\x9F\x98\xAD  @ginaowen
162,he is @rayM is a materialistic person. IDK if thatâ€™s good or bad!! \xF0\x9F\x98\x92
163,I love spicy food ! #ASIAN @AMERICAN @foodsew ?????  \xF0\x9F\x98\x8D
164,I adore rainy days !!! \xF0\x9F\x98\x8D
165,I love spending my time with you \xF0\x9F\x98\xAD
166,I wish to meet you soon @britney \xF0\x9F\x98\xAD
167,I love having convos with you\xF0\x9F\x98\xB1 @gysy #yaay
168,Thanks for always having my back \xF0\x9F\x98\x8D 
169,I love meeting new people \xF0\x9F\x98\x8D  eye opening!!!!!!!!
170,Travelling is bae \xF0\x9F\x98\x8A  !!! GREECE HERE WE COME
171,hanging out with friends \xF0\x9F\x98\x8D  @sistar4 @shyd6
172,Watching sitcoms \xF0\x9F\x98\x8D  !!!! YAYAYYAY
173,CHEESE SANDWICHES \xF0\x9F\x98\x8D  \xF0\x9F\x98\x8D !!
174,I binge watch random dog videos \xF0\x9F\x98\x8D !!! YAYYYY @doggieonline
175,Music is my baeeeee!!! \xF0\x9F\x98\x8D 
176,I love organising stationary items \xF0\x9F\x98\xAD  ! @finn #YESH
177, I AM EAGER TO LEARN BAKING \xF0\x9F\x98\xAD!!!!!!!!! @BAKINGSITES
178,I have a weird interest in collecting chocolate covers \xF0\x9F\x98\x92  @cadbury #lol
179,I HATE SUSPENSE!!!!! \xF0\x9F\x98\xA1
180,My dream job is to become icecream taster @MAGNUM #YESPLS \xF0\x9F\x98\xAD
181,I love husky dogs.!!! THEY ARE SOOOOOO CUTEEEEE!!! \xF0\x9F\x98\x8D
182,I am not fond of video games.! \xF0\x9F\x98\xA9  @runnow ?!??!??
183,I hate greens.  \xF0\x9F\x98\xAD @foodnetwork
184,I HATE PEOPLE WHO TELL MOVIE SPOILERS!!!!  \xF0\x9F\x98\xA9
185,I Hate wainting in long queues \xF0\x9F\x98\xA1
186, CONCERTS!!! @Eticket #BRINGMEMORE\xF0\x9F\x98\x8D
187,I dislike being not being able TO SLEEP AT NIGHT!!!!! \xF0\x9F\x98\xA9 
188,DOCTORS WHO ARE TOO TALKACTIVE \xF0\x9F\x98\xA9  #LEAVE ME ALONE
189,Coffee \xF0\x9F\x98\x8D  !! YUMMMYYY @Starbucks
190,The smell of milk \xF0\x9F\x98\xA9 @FarmMIlk_ #YUCK
191,I hate commercials \xF0\x9F\x98\xA1  @yunniw3 STOP ITT!!!
192,I hate runny nose \xF0\x9F\x98\xAD  !!! Go AWAY PLS!!!
193,I should learn to eat with chopsticks!! \xF0\x9F\x98\xA1  @Leegy7
194,I am jealous of people with blue eyes!! They are angels! \xF0\x9F\x98\xA9 !
195,I like how loyal you are \xF0\x9F\x98\xB1 #BLESSED @dennis6
196,I wish to ride a dirt bike one day !!! \xF0\x9F\x98\xAD  #LIFE #BUCKETLIST @adelene0
197,I love antique things! \xF0\x9F\x98\x8A  @arthur8 get me some!
198,I LOVE CREAM AND COOKIE ICE CREAM #CRAVINGS \xF0\x9F\x98\x8D 
199,I git so tensed watching the good doctor \xF0\x9F\x98\xB3 #toogood @THEgooddoctor
200,I cant stand when the lead role in movies die \xF0\x9F\x98\xAD !!! #DAMNSAD @skillpa
201,WHY CANT PEOPLE BE NICE TO EVERYONE! #POLITE \xF0\x9F\x98\xA9 
202,The baby is so \xF0\x9F\x98\x8D ! #CUTESTEVER @SHIHII09
203,I wanna mountain hike someday \xF0\x9F\x98\x8D !!! Cantwait ???!??!?!?!?! @jonsnow
204,With greenery life would be so peaceful \xF0\x9F\x98\x8D!!!
205,People who smile back when you smile \xF0\x9F\x98\x8D !!! #BLESSTHEM with everything
206,I watched so many movies on holidays.!! PROBABLY 100's lollll #LOL \xF0\x9F\x98\xA9
207,THIS WHOLE THING IS TIRING!!! \xF0\x9F\x98\xA9 #HATEHATE
208,how can people sleep right after they close their eyes @finncole \xF0\x9F\x98\xA9
209,I sometimes enjoy watching TEDTALKS \xF0\x9F\x98\xA9
210,horror movies should be taken well if not \xF0\x9F\x98\xA9 @annabelle
211,People who throw garbage everywhere \xF0\x9F\x98\xA9 #STOP why u do that!?!??!?
212,BOSSES SHOULD BE MORE KIND \xF0\x9F\x98\xA9 !!! I AM DONE!!! @charlie3
213,So close @henry \xF0\x9F\x98\xA9 #SAD
214,When I am silent I am controlling my anger \xF0\x9F\x98\xA9 @jim #YES
215,I need break \xF0\x9F\x98\xA9 !! PLEASE!! @faraa6
216,When you said NO my heart broke into pieces \xF0\x9F\x98\xA9 @angela8
217,How could u treat me like that \xF0\x9F\x98\xA9 !! I am so broken ??????
218,tiktok videos \xF0\x9F\x98\xA9 @Tiktok #TICKTOK #LMAO
219,My dream last night \xF0\x9F\x98\xA9 ! @donn6 couldnâ€™t take it
220,The way my sister cooks \xF0\x9F\x98\xA9 !! #DIED
221,The way my friends gossip \xF0\x9F\x98\xA9 !! #Gossipgiels #qoutes
222,Pastel pinksss !! \xF0\x9F\x98\x8D #lovelycolour
223,Painted nails are \xF0\x9F\x98\x8D @hs899 can we talk abt this???
224,is the year 2020 the end of world ??? \xF0\x9F\x98\x8D PLS BE! I would get so pissed 
225,calming music that can make me sleep \xF0\x9F\x98\x8D HEAVENLY !! @edsheeran
226,the video clipping is  \xF0\x9F\x98\x82  damn funny @crsiprat #LOLOLOO
227,Does that mean ali gatie fans are called alligators ?! LMAO #CANT  \xF0\x9F\x98\x82 
228,My hobby is staying up late and listen music @gyan3  \xF0\x9F\x98\x82 
229,I wanna go to disneyland and enjoy myself  \xF0\x9F\x98\x82  !!! @willy0 make it happen!!
230,This eversoft facial cleanser is love @eversoft  \xF0\x9F\x98\x8D  #iloveit
231,I used this toner called tea tree from @skingarnier.  \xF0\x9F\x98\x8D 
232,This face products is making my skin break out \xF0\x9F\x98\xA9 !! HATE!! @cetaphil
233,Samsung phone lasts like 4 years max. PATHETIC \xF0\x9F\x98\xA9 @samsunG
234,Can there be any other way to clean this beaches. SO dierty \xF0\x9F\x98\xA9 @Cleanup !!
235,7UP tastes too sweet! \xF0\x9F\x98\xA9 NOT mY TYPE #NOTFORME @7UP
236,I hate watching horror films \xF0\x9F\x98\xA9 !! #bad
237,The weather today \xF0\x9F\x98\xA9 !! MAN PLS !! @weathertoday #HOT
238,I need to have a full course meal RN. I AM SO HUNGRY @pinnt5 \xF0\x9F\x98\xA9
239,Bitter food is so \xF0\x9F\x98\xA9 !! I donâ€™t know how people eat em!! @nivk2
240,why do I procastinate so much?!?! @rose5 \xF0\x9F\x98\xB3 #Worst
241,I really want to go out!!! \xF0\x9F\x98\xAD COVID 19 @dandelion0
242,when will the next season of Riverdale come out !! \xF0\x9F\x98\xAD @Riverdale 
243,why did riverdale kill jughead!! He was the only good actor in that series @Riverdale #emo \xF0\x9F\x98\xAD
244,I can make u feel so rich \xF0\x9F\x98\xAD @aligatie #woow #nonsense!!
245,was I lying to myself????!?!??! \xF0\x9F\x98\xAD @fest5 #ITRUSTYOU
246,You are the only one I ever want #chocolatecake @secretrecipe \xF0\x9F\x98\xAD
247,What is the truth and false??? I have exams tom!! @skilemma2 \xF0\x9F\x98\xAD
248,Makeup makes me happy!! #SEPHORA @Shephora \xF0\x9F\x98\xAD give me coupon!?!?!
249,Getting to know all these subjects!! \xF0\x9F\x98\xAD So hard!!
250,Where is my cup of tea??? \xF0\x9F\x98\xAD #MISSING @tealive
251,Valentines day is coming soonn!!! And I am single \xF0\x9F\x98\xAD !!
252,I hate sour patch kids \xF0\x9F\x98\xAD !! NO KNOWW!!!??? @sourpatchkids
253,I whispered underneath my breath \xF0\x9F\x98\xAD !!! #STRONGGGGGm @Music5
254,I cry myself to sleep at least once a month \xF0\x9F\x98\xAD #DEPRessed !! NO?!
255,Michael Jackson IS really THE KING OF POP!! His music is the best!! #MichaelJackson \xF0\x9F\x98\x8D
256,The song you are not alone is the best ever song made!! \xF0\x9F\x98\x8D @Mjforever @Music
257,I like to be around the nature !! They are so calmig=ng \xF0\x9F\x98\x8D @NATURE  #deepbluesky
258,Flowery fields are anyday date!!! @Harry7 bring me there again pls!? \xF0\x9F\x98\x8D
259,A night at elm street is the worst movie I have ever watched!! @imdb @Movie_review \xF0\x9F\x98\xA9
260,The movie Aloft is so underrated and even the lead actor is underrated!! \xF0\x9F\x98\xA9 @Aloft
261,My god The gone girl \xF0\x9F\x98\xA9 !!! #too deceving!! #lol
262,"one of my friend called me, and asked to meet with her at Mid Valley today...but i've no time *sigh* \xF0\x9F\x98\xA9 "
263,I baked a cake but I ate it. \xF0\x9F\x98\xA9 Sorry @baristag
264,this week is not going as i had hoped \xF0\x9F\x98\xA9  @SADmee!!!
265,Hollis' death scene will hurt me severely to watch on film wry is directors cut not out now?  \xF0\x9F\x98\xA9  @movie_review
266,i was out most of the day so didn't get much done @alydesigns  \xF0\x9F\x98\xA1
267,really don't feel like getting up today... but got to study to for tomorrows practical examâ€¦ \xF0\x9F\x98\xA1 @alfiee2
268,"Sad, sad, sad. I don't know why but I hate this feeling I wanna sleep and I still can't! @kennypham \xF0\x9F\x98\x92"
269,Yay! I'm happy for you with your job! But that also means less time for me and youâ€¦ @Vieena \xF0\x9F\x98\x92
270,Oh man...was ironing @jeancjumbe's fave top to wear to a meeting. Burnt it \xF0\x9F\x98\x92
271,"Put vacation photos online a few yrs ago. PC crashed, and now I forget the name of the site. @justnetgirl \xF0\x9F\x98\x92"
272,"I have a sad feeling that Dallas is not going to show up I gotta say though, you'd think more showsâ€¦ @hybridmik \xF0\x9F\x98\x92"
273,The Life is cool. But not for Me. @ikax \xF0\x9F\x98\x92
274,No new csi tonight. \xF0\x9F\x98\x92 FML #SAD @CSI
275,"hey, I actually won one of my bracket pools! Too bad it wasn't the one for money \xF0\x9F\x98\x92 @timdonelly"
276,MJ's EARTH SONG is so relatable now!! \xF0\x9F\x98\x92
277,I'm sooo sad!!! they killed off Kutner on House whyyyyyyyy @randomg5 \xF0\x9F\x98\x92
278,Is pissed off that there's no ASBA's for a radio station. @jennah \xF0\x9F\x98\x92
279,I know my life has been flipped upside down when I just thought in my head that some Ramen sounds goâ€¦ @BUsta5 \xF0\x9F\x98\x92
280,I am in pain. My back and sides hurt. Not to mention crying is made of fail. \xF0\x9F\x98\x92 @duhlia2
281,This week just seems to get longer and longer in terms of how much I need to do.. and how much I'm a.. \xF0\x9F\x98\x92
282, haha its so cooooold in the d! and no @chelserlynn but you should still go to the show. they do som...\xF0\x9F\x98\xB3
283,"Was intending to finish editing my 536-page novel manuscript tonight, but that will probably not happen \xF0\x9F\x98\xA1"
284,laid around too much today... now my head hurts @reeniz \xF0\x9F\x98\xAD
285,Going to sleep. \xF0\x9F\x98\xAD Hoping tomorrow is a better day @sew_cute
286,"getting sick time for some hot tea, studying, and then sleeeep \xF0\x9F\x98\xAD @Kewanu8"
287,Getting eyebrows waxed. More pain #SCARED \xF0\x9F\x98\xAD
288,I'm stuck awake in the middle of the night \xF0\x9F\x98\xAD  for the second day in a row. And I felt terrible @jane4
289,Going to school soon... can't find anything to wear!! gosh it's so hard \xF0\x9F\x98\xAD
290,Grrr.. my ipods acting weird too! Jai ho and thinking of you aren't playing the full songs.. \xF0\x9F\x98\xAD
291,"Today I realized I am too good at hiding things,\xF0\x9F\x98\xAD  even I can't find it @Amanda "
292,"Staying at a friends house...house sitting, neighbors are SO loud-having a party @gerl98 \xF0\x9F\x98\xAD"
293,couldn't get shit done today ~ i'm so screwed @AmyJade454 #SCREWDFORLIFE
294,What tragedy and disaster in the news this week @Husen \xF0\x9F\x98\xAD
295, I think I need to find better anti-depressants. I think this Paxil/Wellbutrin @Irixmaxwell
296,Is still nursing my Nile but glad he is feeling better. I hate when my baby is sick @NEIL \xF0\x9F\x98\xAD
297,Just watched tropic thunder. Dreading tomorrow @Denny92 \xF0\x9F\x98\x8D
298,omg. my mouth is in so much pain i just wanna sleep untill its time to take my braces off. @chimsar  \xF0\x9F\x98\xAD
299," Aww Nick!! I like your hair longer, why did you cut it off? Break. My. Heart. @nickcarrier \xF0\x9F\x98\xAD"
300,I feel like a complete idiot. I'm the only one who doesn't get how this shit works help me \xF0\x9F\x98\xAD
301,I need to fly to America ASAP! @mclulary
302,I follow my mind all the time @geny7 
303,I am slow when it comes to games @bladerunner! 
304,The saw elephants today !! @nature @Nationalgeography #love
305,I went to grocery shopping !! @Tfstores 
306,I need a new phone @SAMSUNG #YES !!!
307,I read a new novel called Delirium @DELIRUM #NEW
308,Next week I have a football match #Lol @wennyO
309,Dolphins are in the sea @SEA @Nature @TVNews
310,Pastel pink and pastel purple skies @SKY3 
311,Tonight I will sleep early @shawku7
312,I recently bought a dress @HM @FOreVER21
313,My brother is playing games @MobileLgeneds
314,I read a whole biology book! @MedSCience
315,Dr. Wayne has a point in his speech @Husink8
316,When is it going to rain??? @weatherreport
317,How is your day today?? @wyui8
318,I recently downloaded Twitter @ANDROIDAPPS
319,I need new glasses @glasses #lol
320,the chair is broken @ikea #ikea
321,the girl has a long hair @cullum7
322,there are 5 red apples in basket @reedw3
323,The lady buying newspaper #GREATNEWS @BBC
324,Her dress is red !! @paula6
325,the blood contains heamoglobins #SCIENCE @MedScience
326,Serotonin is needed for everyone @terr5
327,Tea and coffee has caffeine @geyyuli
328,The weather is windy today @iil8
329,I bought a pet dog. Named Tommy @doogielife3
330,The restaurant is closed @UIIRestaurant 
331,I cant find my project anywhere @gwepl9
332,My mom is on Facebook @Facebook !!
333,My friend @heert just texted me!!!
334,She wears a hat to school @yaassi7
335,The rice is cooked @hammes7
336,The apple has riped !! @fruitstonne
337,The monkey ate the bananas @ZOO #funny
338,She lives two kms away from me @jane4
339,I watched Spiderman last night @Spiderman
340,The kitchen is clean @interior23
341,I accepted their request @laoksi7
342,We went out last night @husal8
343,the video was long @Youtube !!!!
344,The cupboard arrived @ikea !!
345,The parcel is late #corrier @FLASHService
346,I have nothing to do now @Yeshuinnh6
347,We should go hiking soon @huilso0
348,My dad bought me books @Bookstore2
349,The cusine was American @foodnetwork
350,She ate a bowl of noodles @foodNetwork
351,I am hungry so hungry @dailyfood
352,He need to buy doughnuts @Dunkins
353,I watched 3 movie today @Netflix
354,We went to library @PublicLibrary
355,theres a lake behind my house #polli8
356,I am eting right now @fooNetwrok
357,How do people make sushi!?!?! @shuhiideas
358,The curtains are light coloured @designr
359,He ate asian food @gery77
360,She met her friend today morning @woua7
361,The river water is clear @faard4
362,She was dancing in the room @oliiuy
363,tomorrow is july?? @gatj7
364,The table is made of wood @ikae09
365,I bought thick blanket ! #COMFYYYY
366,I found yellow leaves @nature !!
367,My sister watered the plants !! @vsuri2
368,I bought a lot of teas @Teasudio3
369,Tomorrow is my bithday !!!!! #Yay
370,My laptop is ASUS @ASUS 
371,School ended early today @cvvjy6
372,MC docs is a lot!! @Microsoft
373,My data is going to finish @MObileNEt
374,They distributed free coupons @SHAREit
375,I have many social apps on my phone @SAMSUNG
376,I smell smoke here @alksi9
377,kids were riding bicycle @gsuys7
378,The kept all the books on the shelf @ikea
379,I saw hanging plants at her house!! @wuysk7 #Lol
380,She posted her picture @qolao #nice
381,I have loads of work to do @miinio8
382,I need help #dennisu4 @gauyy
383,I am learning japanese @fgru7
384,I like learning languages @popplu #perceptionschanges
385,Was listening to country music @Taylorswift !!!
386,I gave children candies!! @halloween
387,I could see the stars @archei8
388,Snapchat has a lot of filters @Snapchat
389,The fan s running all the time @jjean0
390,The warppers had cheap Cds!!! @Wrappers
391,My boss instructed new job for me @huy6
392,My friend is getting married today @vuuone #love
393,I got lost in the maze @gameinTr
394,All his friends are going for the concert @EDMMUSIc
395,The night is still young @awuo #Netflix
396,Movies or Series @Netflix ???
397,Icecreams were gone !!!! @qoplu8
398,I was thinking about exams @saapli5 #hope
399,Rainbow coloued dress is her birthday gift @xisiu7
400,My boss gave me new placement @wyshi7
401,I am listening to @linkinpark songs
402,I should sleep early tonight. @bregy_ #yes 
403,I need help in this python coding @programmer_p
404,I read #13reasonswhy book!! @JohnGreen
405,School is reopening today!! @WELLIS0 #REOPEN
406,Got a new TV set @panasonic #smarttv
407,My aunt visited me today @renniz9 #home
408,I got a call from @wesilmoi8!!
409,I learning spanish this year @weilski0
410,I ran out of tomatoes @groceryonline #plssupply
411,I am cooking bolognese @foodsnetwork #breakky
412,Turning entire house white and black #interiorlife @InterioriInspiration
413,My mum is buying this car @tesla!!
414,Tesla car has automation function @tesla
415,Apple is launching 5g! #APPLE
416,I ate fruit salad #sweet @foodeats @fooddaily
417,I ate asian food @yvonne9
418,Purchasing hairdryer @Dyson #pinkedition
419,theres a promotion in @watsonsmy
420,The lake is so blue @poishn4
421,I am travelling @geyuo0 #greece
422,The flight is on-time @dehlitimes
423,I got a brown bag for myslef @gucci #gucciisforever
424,I am wearing white later @event #promdinner
425,I created instagram @muustpapers!!
426,I am memorizing periodic table #chemistryexam
427,I am thinking about @bananabro's food!!
428,The waiter was wearing green!! @lillyrestaurant
429,They served the food in leaves !! @forkandeatery
430,I bought a new skincare poduct @garnier #mosturiser
431,I am thinking of changing my laptop #ASUS @Asus
432,I was teaching maths to my brother @jauik9 #examsnearing
433,the timetable is released #scheduling @holly_
434,I met @timothee today !! #sounreal
435,the movie lasted for an hour @thequietplace
436,The electricity supply went off @tbnbnegara
437,cells make up tissue @biology!!
438,mitochondria is the power house of a cell @biology554
439,it was silver earrings!! @pandora
440,data is finishing up !!! @unimobile
441,got the blankets from @sogo
442,I am having assignments @juhzo0
443,needing a haircut @espirit #shorthair
444,suggest me movies ? @netflixmy
445,watching #jungkook #koreanaddict
446,scrolling all the time @facebook
447,wooden table is bought @furnishinh #jdus0
448,I have received a miss call @qpaosk0
449,my mum is cooking rice @hungry @yummh
450,said thing to friend @hsus0
451,what they said is true @nickjonas #priyanka #interview
452,spent 3 hours on @youtube @Netflix #andchill
453,I am sending resumes out! #internshiplife
454,strating off gym tomorrow @FitnessClassics #trainer
455,Picking up Yoga #stressed #toomuchwork
456,Painted room into blue #seablue #lovely #calming @nipponpaint
457,He texted me about the incident @kennys_
458,I walked 8km today #missedthebus @fyyut8
459,tried new shampoo and conditioner @sunsilk #sunsilk
460,shops are closed today@vanityfair #hushhhh
461,flowery curtains aailable @interiorPRO #curtainsforsale
462,how much does the frame cost ? @framesaesthetic #good
463,when is the interview @techNOW @wiyytor0
464,I am going to sleep now @uruepse0
465,She made some cookies #chocolate @yummmyssie
466,made a round cake #vanilla @qqueunbso
467,went to watch #theconjuring #horror @hssjbu9
468,repainted the walls #restructing #is #fun
469,theres a lorry over there #lol @memesinidh
470,I have a banana yard behind the house @yesuw9
471,recycling all those papers @RecycletoyOu #free
472,used clothes sold here @dhdij9
473,the powerbank is from @seagate
474,the banket is red @blanketdaily!!
475,the football game was bad @Liverpool  \xF0\x9F\x98\xAD
476,the food has gone bad  \xF0\x9F\x98\xAD @richard3
477,the tv has stopped working  \xF0\x9F\x98\xAD @Panasonic
478,Worst play I have ever seen @PlayOnline !  \xF0\x9F\x98\xAD
479,wasted my time on @DarkSeries  \xF0\x9F\x98\xAD
480,I read a boring book !  \xF0\x9F\x98\xAD The worst!
481,the show was annoying  \xF0\x9F\x98\xAD !!! @thisisus
482,the staff was rude  \xF0\x9F\x98\xAD !!
483,the tea was stinky \xF0\x9F\x98\xA9
484,the customer was arrogant!!  \xF0\x9F\x98\xAD
485,the apple pie was the worst\xF0\x9F\x98\xA9 !! @applepie
486,I hate instagram filter \xF0\x9F\x98\xA9 @worst
487,I hate slow replies @wuali \xF0\x9F\x98\xA9
488,I dislike this show on BBC !! \xF0\x9F\x98\xA9
489,I don’t like watching news !! \xF0\x9F\x98\xA9
490,I hate the gifts I ot \xF0\x9F\x98\xA9!!
491,I need to escape this \xF0\x9F\x98\xA9!! #HATEIT
492,the customer service was bad \xF0\x9F\x98\xA9
493,she suggested me a bad novel \xF0\x9F\x98\xA9 !!!
494,I hate learning history!! \xF0\x9F\x98\xA9 @HistoryNOW
495,some asian food is disgusting \xF0\x9F\x98\xA9
496,this @malindo gave me the worst flight experience \xF0\x9F\x98\xA9
497,she lies about everything Ugh \xF0\x9F\x98\xA9 @paulina99
498,Latest skincare range by @buiolinnnes is the worst \xF0\x9F\x98\xA9
499,the baby doesnot stop crying \xF0\x9F\x98\xA9!! #worst
500,this train delay made me cry \xF0\x9F\x98\xA9 @mrtlines55
501,there was a bad fught at school \xF0\x9F\x98\xA9 !!!
502,the bad boys for lfe movie is boring \xF0\x9F\x98\xA9
503,I am breaking out so bad \xF0\x9F\x98\xA9
504,I am worried about my presetation \xF0\x9F\x98\xA9
505,the soldiers died from war \xF0\x9F\x98\xA9 !!#ww2
506,the gangster is violent \xF0\x9F\x98\xA9 !! @BBCNews
507, president made a bad speech \xF0\x9F\x98\xA9 !! #worst
508,she scolded him #lol \xF0\x9F\x98\xA9 !
509,my cat died \xF0\x9F\x98\xA9 @leo 
510,my phone brok \xF0\x9F\x98\xA9 !! #J72018
511,she argued with principal \xF0\x9F\x98\xA9 !
512,I don’t like spicy chicken \xF0\x9F\x98\xA9 !!
513,they lost control!! Too bad !! \xF0\x9F\x98\xA9
